id_proprietario,cf,nome,cognome,data_nascita
1,OAJHAT33O57R,Giovanni,Gentile,1955-03-18
2,HFXEAB00Z63N,Simone,Sanna,1978-04-23
3,BVRMDL00J38I,Francesca,Lombardi,1985-04-29
4,NOXCKH71Y91U,Simona,Santoro,1991-01-19
5,UHAFUA47J48Z,Elisa,Colombo,1963-11-27
6,SKGUNK90M19W,Sara,Marino,1953-11-22
7,QOHSKX92O12Z,Enrico,Usai,1982-07-24
8,GZZUPD69N27R,Carlo,Verdi,2000-03-30
9,QCQVPJ02I08F,Alessia,Santoro,1951-08-31
10,XPTPTD41I53W,Paolo,Romano,1959-11-05
11,IFYOXN39T27A,Davide,Serra,2003-08-20
12,LNYPSS77D39P,Bruno,Ferrari,2002-08-19
13,GLJMFM55A19B,Alessia,Messina,1982-08-29
14,XNEAFH21W23P,Luigi,Barbieri,1950-01-24
15,ZIOHRM80G02M,Giuseppe,Russo,1990-04-24
16,HFBVBB78G52N,Alberto,Mancini,1954-07-16
17,QSSWWH38W41N,Marco,Meloni,1978-05-30
18,QXGFUI77E41U,Michele,Vacca,1986-09-12
19,RVMVJB40A31Q,Martina,Serra,1998-12-10
20,NBTZDT42F90V,Cristina,Serra,1956-04-05
21,PHSHEW12I56R,Silvia,Rizzo,1996-07-24
22,BKPAFV84M52V,Laura,De Luca,1986-02-26
23,YBVURJ60V22V,Francesca,Usai,1975-12-07
24,YBITRU66H99W,Antonio,Gallo,1958-06-24
25,BXUDHW26C34R,Alberto,Floris,1954-01-27
26,TPWJRK43N27D,Andrea,Floris,1996-05-14
27,XDXTCU75J65X,Alessandro,Moretti,1974-01-30
28,TVATRL96C38N,Mario,De Luca,1975-10-28
29,DZSXJC41S90L,Valentina,Bruno,1979-12-29
30,XREFUL50R67N,Michele,Moretti,1979-09-06
31,HWQOCV75W82J,Paolo,Carta,1961-03-23
32,CTOCBD55X48N,Paola,Leoni,1999-06-11
33,LRMZGV85L55N,Mario,Marino,1970-09-03
34,REENVI11G96V,Davide,Vacca,2001-07-23
35,DJMTVB69F17W,Alessandro,Lombardi,2002-07-13
36,FMEHBP47W67E,Mario,Greco,2002-09-11
37,DVMRNG49N12G,Stefano,Bianchi,1984-03-19
38,QNNNEM96E92V,Paola,Meloni,1952-06-30
39,HMYVLX28F53X,Giovanni,Vacca,1969-10-11
40,MLEFFF55F83W,Laura,Russo,1999-05-13
41,ILYPOR90P54V,Giulia,Floris,2001-02-27
42,EVBJJR03S53F,Luigi,Greco,1986-08-04
43,ZVRJRR35N19J,Simone,Ricci,1996-06-19
44,ZYWDLU23C52L,Paolo,De Luca,1952-02-09
45,CRASWJ28G47N,Davide,Ferrari,1955-12-12
46,OUTADL63Q62S,Valentina,Greco,2002-09-10
47,EGTLMT94S33K,Fabio,Ferrara,1993-01-06
48,AJWXAG13G77Z,Alberto,Marino,1978-07-20
49,TQHSBC38I48G,Alessia,Floris,1997-02-23
50,OTYLVW36Q52H,Andrea,Messina,1977-05-04
51,DTJLOM58X58E,Stefano,Usai,1951-02-04
52,LQQRYJ20Z84U,Luigi,Lombardi,2004-12-19
53,PFSCDO15Y97L,Alessia,Meloni,1984-09-16
54,RTFNSZ26J75E,Davide,Romano,1987-02-22
55,KUVKDV72D07N,Fabio,Conti,1999-02-23
56,QFBCRV10R31V,Maria,Puddu,1968-12-08
57,GCYTJT36O75J,Monica,Ferrari,1998-03-18
58,USPYKJ56Q73B,Sara,Mancini,1984-02-08
59,EMZIKW05B29S,Monica,Russo,1955-04-01
60,NHCALV72L55M,Valentina,Rossi,1973-03-17
61,CZQMUA72P37A,Alberto,Lai,1970-11-14
62,FZWCOB83V80C,Simona,Barbieri,1993-11-16
63,FMGVJK04N81D,Roberta,Ferrari,1989-09-20
64,CWEXGD60P20A,Cristina,Floris,1992-11-06
65,XQRJFV25E47O,Mario,Bianchi,1979-03-21
66,KXYNPN98N63R,Carlo,Ferrara,1961-11-17
67,OEYQHQ53A79R,Martina,Serra,2003-08-06
68,ERXONV42V02H,Sara,Bruno,1972-12-08
69,FWPYFL90Y93D,Fabio,Ferrari,1979-01-02
70,HCLAZR95N37W,Paola,Fontana,1958-01-30
71,GSZAZI41O19Y,Federica,Conti,1984-06-16
72,XYJOYJ93H17A,Anna,Greco,1965-05-16
73,NWDYKL12E06L,Valentina,Ferrari,1960-04-09
74,OUPEJK35C15T,Sara,Rossi,1996-12-13
75,MLXUTH59P87N,Elena,Serra,1994-09-23
76,FHAEND91J54J,Roberto,Gentile,1994-06-30
77,AVXRSE13P44M,Luigi,Floris,1954-08-29
78,ODDTUE40H76V,Michele,Verdi,1970-05-12
79,JKGZES73B69W,Fabio,Gentile,1974-03-30
80,ULUPHH29E16K,Antonio,Colombo,1988-09-11
81,ALJFXU12M03J,Alberto,Fontana,1968-05-01
82,MDTCJO26L24G,Michele,Greco,1997-01-18
83,LDHDJH86Z39S,Simona,Russo,1990-01-23
84,LQIBYK92S79F,Simone,Meloni,1990-09-06
85,JLUPLH58T34L,Simona,Moretti,1958-04-02
86,GQNVSU76L97V,Roberta,Colombo,1960-09-28
87,GUYOYX10C41C,Michele,Rizzo,1988-07-31
88,QYJMGI10I81A,Marco,Pinna,1964-09-03
89,NHNUKB88K43U,Giuseppe,Romano,1984-03-17
90,QFKARR81U00M,Simone,Conti,1988-07-10
91,MRHEDZ02U29A,Mario,Costa,1966-08-14
92,FDCPIB52H20M,Simona,Russo,1970-03-29
93,FTMHDC11T06D,Carlo,De Luca,1986-10-19
94,WPXDFO25W99J,Luca,Gentile,1989-03-31
95,ATFJKV40S77B,Cristina,Greco,1997-02-28
96,BQVLQE13D93N,Giulia,Colombo,1991-07-28
97,ARFDRN03W06I,Chiara,Bianchi,1990-11-24
98,BUUNXO24R79B,Antonio,Serra,1952-01-25
99,LYCLEG26C07D,Alessandro,Santoro,1953-06-11
100,TNOFTS95K68E,Carlo,Ferrari,1986-04-19
101,AYHUCI97P82Z,Giulia,Meloni,2005-07-05
102,VSNWZU04E14N,Anna,Moretti,1969-03-09
103,ZFFPOB98R97H,Carlo,Gentile,1988-04-09
104,QHATDA39E82P,Federica,Pinna,1963-04-11
105,ZPZMDY53C80E,Roberta,Pinna,1992-03-05
106,DPAZSL76T27F,Simone,Rizzo,1962-02-21
107,MSIBUK39V42I,Michele,Romano,1966-05-03
108,WVMSND43J87F,Michele,Rossi,1989-12-19
109,PCDYXX61A86U,Daniela,Verdi,1965-06-01
110,IYSDPC02O94G,Cristina,Vacca,1995-09-09
111,JNCEBW26Y18D,Simone,Barbieri,1978-05-25
112,DQXKLX16X67Y,Luigi,Vacca,1962-12-29
113,GHNZIF33M94O,Giulia,Floris,1991-10-19
114,YNXLFV70T28O,Silvia,Gentile,1955-09-22
115,MPRCBM55I29Y,Alessia,Barbieri,1984-02-17
116,VDUNKT76U21A,Enrico,Sanna,1986-02-04
117,QXQOGY25M20B,Michele,Bianchi,1997-02-27
118,DUJVTF42S27D,Roberto,Ferrari,1964-06-19
119,FEPCCJ55X53P,Simone,De Luca,2005-08-29
120,MTLHPR85J89Z,Silvia,Gentile,1960-06-30
121,UOXRJQ47Y28Q,Marco,Marino,1950-04-24
122,GGGTUF22W35R,Paola,Costa,1962-03-28
123,IFINFT38J51M,Anna,Ferrara,1995-07-14
124,OSJTZA75I82N,Silvia,Fontana,1951-12-20
125,TCOTSU25S14M,Fabio,Verdi,1980-04-19
126,MAZQVT91X95L,Maria,Leoni,1963-04-11
127,BREKOT55G01L,Silvia,Ferrari,1964-07-08
128,ZVRYLM46K20E,Monica,Gallo,1994-02-22
129,COWTWI10O60F,Cristina,Colombo,1959-08-11
130,KTWBUI35A39S,Laura,Puddu,1951-10-31
131,YKKNFX01E51W,Alessandro,Lombardi,1951-10-10
132,EZMXGY58O67C,Elena,Lai,2000-10-08
133,USKSTY27Y77J,Bruno,Ferrari,1971-05-05
134,AFFHWL80F07B,Valentina,Bianchi,1968-06-06
135,SCEQXD65H59S,Elena,Floris,1970-11-19
136,AOODGV71S29U,Fabio,Costa,1959-07-08
137,QXBMFA24O36R,Enrico,Puddu,1976-07-04
138,HNOLLK37S06D,Alberto,Floris,1971-05-23
139,RLPMLG31R10Z,Cristina,Rossi,1962-09-20
140,LIZRAV80W18B,Elisa,Greco,1967-02-20
141,XCQWWL34P12P,Elisa,Verdi,1967-06-17
142,CIKBZS96E17T,Carlo,Esposito,1954-08-02
143,JWPXWC20A49N,Roberto,Messina,2000-08-01
144,RSQFOW48F64F,Luigi,Ferrari,1952-04-22
145,OGIVFL25B30A,Carlo,Messina,1959-05-23
146,HEBYBK12W59K,Elisa,Conti,2002-03-22
147,CQJNUN53Z58J,Enrico,Puddu,1996-01-21
148,JDBMJT94W31W,Stefano,Bianchi,1951-03-03
149,JXNQKN68R15Q,Valentina,Meloni,1995-08-05
150,NTMXDE83N41Z,Davide,Marino,1997-01-16
151,UMTOXX43D63M,Luigi,Verdi,2000-08-05
152,PWWAPF27K92R,Enrico,Gentile,1994-12-29
153,HSLPSY96W23J,Martina,De Luca,1966-05-05
154,WRYTCQ78E57B,Simone,Meloni,1988-03-11
155,MSQQCP54O88O,Simona,Mancini,1995-03-18
156,EVMXGA61K84R,Alberto,De Luca,1984-07-23
157,KLQRLM64V81T,Luca,Meloni,1977-12-01
158,ATVCGH81C78U,Mario,Romano,2002-06-04
159,ZQQKAW26G93E,Federica,Ferrari,1991-10-05
160,SKDWYK99I36A,Stefano,Lai,1988-12-02
161,NOYNIP17P78M,Marco,Santoro,1967-03-08
162,DUXEJQ38J59L,Roberto,Gallo,1959-03-11
163,OSUYOZ29X20A,Fabio,Romano,1964-04-27
164,IQJQWV37U57P,Giuseppe,Ricci,1988-05-26
165,MJJZVX12E23F,Fabio,Messina,1989-10-06
166,LGGIED17T37H,Cristina,Mancini,1992-09-17
167,YPBLPA53T21K,Simona,Leoni,1962-12-19
168,YYLNWE71N71C,Anna,Ricci,1950-02-23
169,EAHJOE33A51R,Cristina,Piras,1967-04-09
170,ZLJTUQ12C99B,Fabio,Verdi,1971-10-06
171,BYEQTZ43I68A,Stefano,Fontana,1961-08-10
172,KQUMDV96C52R,Roberta,Santoro,1979-10-04
173,GAOHGS37X71U,Alberto,Ferrari,1989-09-24
174,YUCGBL19Y84Z,Giulia,Russo,2003-02-24
175,JUHTOD59L78S,Laura,Usai,1960-09-28
176,HLHWSG79J64G,Elena,Piras,1957-10-17
177,FBNESG29N33D,Mario,Lombardi,1986-12-07
178,XNVTOF57V39Y,Monica,Carta,2004-07-03
179,AUFFDX22M03T,Alessia,Bruno,1961-02-07
180,DYWHEL57O18Q,Alberto,Ricci,1985-05-04
181,GJFBJV71X70R,Monica,Ricci,1988-09-29
182,ISBSRM22N67I,Fabio,Bruno,1976-02-22
183,NVTCNP98Z58I,Francesca,Rossi,1986-10-27
184,XABMRL72G93O,Simona,Fontana,1965-11-11
185,QFOOYK35Q24Q,Fabio,Greco,1999-03-20
186,NSPIER26R81V,Roberto,Fontana,1967-12-05
187,MRTYXI34Z14J,Daniela,Russo,2004-12-26
188,DTUPJL99W97M,Cristina,Piras,1997-11-17
189,WCHYDW22O25O,Antonio,Bruno,1989-02-05
190,IIGUXD03Q25G,Alberto,Floris,1960-10-09
191,OWVGPD00K38D,Fabio,Vacca,1963-10-13
192,EXMOCQ94W69J,Andrea,Carta,1982-02-09
193,STBSQG03E25O,Luca,Piras,2000-10-14
194,BJPMED34J96B,Sara,Vacca,1988-06-20
195,SIJYKQ92F57M,Cristina,Usai,1988-05-24
196,RRSUUB92X96W,Cristina,Sanna,1955-01-13
197,CZXPXW12M61F,Cristina,Ferrari,1990-12-01
198,MDHUTE64T79H,Paolo,Serra,1967-11-08
199,QSLZGS07K36S,Francesca,Colombo,1976-05-20
200,EJSGWK68T27G,Martina,Romano,1984-06-05
201,PAOMDE08A31E,Mario,Bruno,1986-04-02
202,PSKISY10H06T,Roberta,Rizzo,1982-05-06
203,KDBCNX92E97U,Chiara,De Luca,1996-06-04
204,HLHSME27J24J,Elena,Gentile,1993-08-17
205,UGQGTT42S70H,Elena,Conti,1950-04-13
206,PRDOTX41R86N,Valentina,Messina,1997-12-16
207,DEPXCC35D60K,Roberta,Ricci,1983-09-06
208,PWTVKD65D32V,Stefano,Leoni,1950-03-23
209,RXUKIY94M53A,Alessandro,Rizzo,1968-02-22
210,ILCDII05H50G,Elisa,Moretti,1988-04-27
211,CUXQJW58G33U,Simone,Esposito,1966-10-29
212,FUEAFN99F17L,Simona,Rossi,1984-08-02
213,KLQUQK49B22M,Maria,Fontana,1970-02-09
214,YTFVNV93U22J,Martina,Ferrari,1954-01-06
215,GRQIHQ26Z62L,Simona,Ferrara,1962-02-02
216,ZVKSQS40C52X,Simona,Meloni,1964-10-27
217,PVQZZH74O50E,Luca,Leoni,1984-11-11
218,OHJSQS19V42W,Alberto,Conti,2005-08-07
219,RWRASM46Y09J,Alessandro,Serra,1973-05-15
220,FOPKVA54M28M,Giulia,Costa,1983-10-14
221,TJSJZN86V34O,Daniela,Barbieri,1950-12-15
222,HDPUAT19T83U,Cristina,Rizzo,1975-05-13
223,DERBAK21Q11V,Luca,Esposito,2005-04-08
224,EEMCKQ30R17K,Alessia,Colombo,2001-11-17
225,FMDVQY73E54D,Laura,Mancini,1950-01-03
226,UVWUTT88K46B,Antonio,Lai,2005-05-11
227,TGXTNS21X89Z,Stefano,Lombardi,1977-06-01
228,BYCFRE90J51T,Monica,Verdi,1953-09-15
229,SGRULE97I96I,Luigi,Carta,1956-03-15
230,CSFQBL51G51S,Laura,Bruno,1967-09-04
231,MJLYIN59L16S,Roberta,Rizzo,1976-03-06
232,HRSAFK22O37G,Antonio,Greco,1988-07-06
233,NVTYJX11T95M,Roberta,Carta,1988-07-25
234,UUKXOZ54E38O,Federica,Rizzo,1998-11-06
235,QSIJPH59N60T,Paolo,Puddu,1956-01-17
236,XZISZC85D56H,Monica,Bianchi,1986-11-19
237,RBMUMW46F97Q,Monica,Fontana,2003-01-21
238,OMTLSX95L67X,Elisa,Marino,1980-02-14
239,NGZEPH84R95O,Enrico,Lai,1998-12-03
240,WTLIWA31N62S,Carlo,Marino,1974-07-06
241,ESUMRW96Z72K,Carlo,De Luca,1966-02-08
242,UKILYX05Q40O,Fabio,Puddu,1993-12-21
243,YLTRBM00X27U,Sara,Puddu,2001-03-28
244,JGQNLZ26L61X,Simone,Ferrari,1952-05-18
245,XJIACE71E12U,Roberta,Lombardi,1964-10-10
246,JIXWDJ07E98V,Maria,Russo,1973-01-18
247,QPAPAE96W07O,Silvia,Messina,1965-08-15
248,BIFTIU38S97U,Maria,Greco,1996-12-27
249,IODTLO88X11Q,Fabio,Colombo,1972-02-21
250,LRXDAQ72C95Q,Carlo,Gallo,1966-05-15
251,MALRQL99H47P,Andrea,Carta,1980-02-06
252,DQESQJ15F63T,Andrea,Ferrari,1988-09-20
253,BHRDOA25V52J,Cristina,Bianchi,1977-10-05
254,NXKRHG25G53O,Michele,Pinna,2002-10-05
255,NVWFBN91P60H,Andrea,Gallo,1954-06-11
256,YTAPFK27T85J,Fabio,Colombo,1951-04-08
257,PZUTHY00M11I,Simone,Greco,2002-03-17
258,JEAAXL82X44F,Francesca,Lombardi,1955-06-18
259,GXCSQQ60V46Q,Daniela,Mancini,1988-05-03
260,RUXQAJ67P67Q,Andrea,Gentile,1950-11-09
261,OSMXUJ36V80W,Federica,Messina,1958-12-24
262,ZLRNER58W11D,Roberto,Russo,1967-07-25
263,NVGUZP26X82F,Laura,Usai,1960-03-21
264,EWCQVK67L03U,Davide,Pinna,1959-03-24
265,OUPKFW95O46P,Federica,Rossi,1962-08-18
266,APSTDO27C83U,Enrico,Lombardi,1959-05-17
267,THFOAH94F84Z,Davide,Santoro,1986-11-29
268,YAIDCK47R83N,Roberta,Bianchi,1997-10-25
269,CACHED25D49N,Bruno,Gentile,1959-04-28
270,UTRXDU40Q56A,Cristina,Pinna,1980-07-14
271,FNMZRE55C17D,Maria,Carta,1984-05-26
272,QAWILQ71X29A,Alessandro,Rossi,1979-10-26
273,IPYWWD13H04D,Silvia,Costa,1983-01-29
274,HOPLBD25S65P,Giulia,Barbieri,1983-09-09
275,LQSVMV81K79Y,Giuseppe,Meloni,1976-11-11
276,MKGUJV50J39H,Alberto,Sanna,1985-07-21
277,KKXQYC84O49Z,Cristina,Usai,2004-10-26
278,NOOPFH46A37D,Andrea,Fontana,2004-04-16
279,KDLFTQ62O63N,Roberto,Costa,1974-01-31
280,NAYKNW36L55S,Luca,Russo,1965-08-14
281,IATWQR79S73O,Alberto,Fontana,1979-02-01
282,EJKWWM93Y33S,Bruno,Bruno,1963-03-20
283,MQFPKU22U99P,Alberto,Fontana,1994-02-09
284,YEBWVA23I85K,Laura,Pinna,1953-12-02
285,ZINMLE20G58Y,Martina,De Luca,1986-11-11
286,RFEBMC20R73G,Paola,Santoro,1967-07-11
287,VCNRLR01G74Z,Marco,Gallo,2003-09-03
288,ECYUDF51U69D,Simona,Lombardi,1978-03-06
289,BWWDTW11N73M,Valentina,Meloni,1980-01-13
290,YFFWRC80Y34K,Alessia,Moretti,1959-08-22
291,ASLSTV51C89J,Laura,Romano,1960-07-06
292,WBKWXX92P30O,Enrico,Romano,1951-01-26
293,HZLOBU75O12Y,Enrico,Piras,1986-04-30
294,SQVBVN93F15G,Bruno,Russo,1983-07-17
295,PUUWAO01W02F,Silvia,Santoro,1986-04-27
296,CEMXIZ02R85N,Alessia,Gentile,1959-11-03
297,GNJBYZ12Q12L,Maria,Verdi,1983-10-11
298,VFAZDQ52E41Z,Bruno,Barbieri,1970-01-04
299,SDDVOO25V76T,Laura,Colombo,1977-01-05
300,CRZVHB83X10Q,Daniela,Colombo,1966-05-17
301,GSAOWA51L24H,Paola,Serra,2000-05-25
302,AMCWPO57C83P,Antonio,Rizzo,1958-01-22
303,RQZBZQ83G42Y,Federica,Moretti,1986-01-22
304,YGCZSL07D09M,Martina,Fontana,1961-02-22
305,YWSQBS28T35B,Andrea,Santoro,1972-11-29
306,KTENWP76M27Q,Anna,Vacca,1994-10-05
307,HGUQKR47L87N,Paolo,Conti,1998-10-14
308,KWFDUO68E27S,Silvia,Usai,1992-08-08
309,UWMGQD12R08U,Roberta,Rizzo,2002-07-28
310,XCUKOE64R68S,Enrico,Marino,1999-04-28
311,HDJUHT15V66J,Alessandro,Puddu,1999-09-01
312,MHAOOF83L83A,Giuseppe,Mancini,1996-09-20
313,SPQJKB60S60Z,Martina,Leoni,1963-10-31
314,DRAAKA89V45C,Paolo,Carta,1985-08-01
315,EAKOTT77S03G,Fabio,Greco,1953-11-24
316,BSNLMR53P23R,Antonio,Vacca,1999-11-10
317,NCQUYF11I18R,Simona,Gallo,1978-03-22
318,DGTTXF01S07N,Bruno,Messina,1975-12-31
319,STXLAJ26I08O,Davide,Barbieri,1974-06-08
320,VBJOEC19M18G,Enrico,Carta,1959-04-07
321,VIUOQR49A41T,Roberta,De Luca,1960-05-05
322,JZYRMY23F60X,Stefano,Conti,1974-12-02
323,YHNLFR69U89Q,Daniela,Piras,2001-01-01
324,IWMHSZ78T21X,Laura,Messina,1955-08-07
325,QTTWFE80K36Z,Bruno,Gallo,1983-12-18
326,EENNRP20D17B,Federica,Pinna,1960-07-30
327,GCTWOX30M11C,Giulia,Floris,1976-01-04
328,EIYERG84D79T,Giulia,Vacca,1961-03-16
329,WJTWHC46U96Y,Martina,Usai,1983-09-13
330,BNERTE80E65R,Francesca,Ferrari,2004-08-02
331,LZQPPX93M17R,Enrico,Santoro,1958-09-07
332,BABWEU22V01U,Luigi,Gentile,1971-12-21
333,ZXMTII46L48A,Roberta,Rossi,1967-10-23
334,HUTMOD99V48B,Luca,Verdi,1973-10-24
335,NFPLLO86O82W,Cristina,Esposito,2003-07-04
336,NPYLTV98C34H,Stefano,Verdi,1961-11-10
337,PGGGLH51Q39I,Antonio,Colombo,1980-10-12
338,CYIWUR65K05Y,Alessia,Vacca,1999-07-24
339,NWGORB15C31M,Giulia,Serra,1958-12-20
340,TTESHM04B10K,Paola,Bruno,1956-01-09
341,FHXHQB97F94Q,Elisa,Gentile,1977-03-02
342,JAJZKO47F29Y,Bruno,Sanna,2004-10-24
343,JYGZGP42H85O,Valentina,Greco,1965-10-07
344,QLKKBP69P18S,Alessandro,Bianchi,1954-03-27
345,RFAQVE55G94F,Davide,Sanna,1998-01-27
346,XHHPWG53U87W,Simona,Carta,1979-01-13
347,CJJPUF22R22D,Fabio,Ferrari,1994-03-20
348,ZVDHHU43Q42I,Antonio,Gallo,1955-03-11
349,KXGSBO91T17O,Maria,Usai,1995-03-04
350,YDYFOV47W51I,Giulia,Ricci,1954-02-12
351,DOBSWU42P79P,Maria,Gallo,1970-09-11
352,XOTONV88O56J,Paola,Rizzo,1951-12-12
353,WFLQIK13C31D,Chiara,Gentile,2003-10-27
354,JMKFVI47Q04G,Monica,Floris,1980-12-09
355,CLYAYR93I64T,Giovanni,Mancini,1970-06-17
356,BLJZQY57E08R,Valentina,Bianchi,1959-01-26
357,EDLYAE27J58G,Alessia,Verdi,1965-05-01
358,FNKBBS65Q52B,Martina,Carta,1974-07-08
359,EUEAFA58F95B,Monica,Fontana,1982-04-17
360,VAGVYE77F63K,Alberto,Messina,2000-05-24
361,BLWXIZ98L39F,Antonio,Messina,1959-03-08
362,CSWHQA67N15D,Chiara,Greco,1962-11-18
363,VIMINA48T40E,Mario,Puddu,1966-10-14
364,SHETKQ22E63P,Federica,Mancini,1971-09-23
365,ASHUBU16O06L,Monica,Lombardi,1981-11-18
366,YTHEUG88L90K,Daniela,Lombardi,1964-04-28
367,RPLGDM83F41Q,Martina,Santoro,1970-03-29
368,NSAOSK53D53C,Monica,Santoro,1970-06-09
369,XZMKVL97J02P,Chiara,Rizzo,1977-07-25
370,RNPZQO25E76O,Roberto,Lai,1996-05-18
371,DDCCSV04K78N,Giulia,Pinna,2005-07-18
372,XGMDYY44H20K,Giovanni,Floris,1999-05-10
373,MQJRTH66N70R,Monica,Pinna,1977-12-07
374,XXRNQJ63M84F,Daniela,Sanna,1972-06-03
375,ZXUQUT72N97N,Maria,Serra,1998-05-16
376,JPTPMZ02F88I,Valentina,Puddu,2004-08-03
377,SATKWY89Z35F,Valentina,Verdi,1993-06-07
378,PGCTEI56B43E,Silvia,Leoni,1967-03-21
379,DTMJLU80B53F,Martina,Sanna,1952-03-03
380,XLBLVC58J61Q,Paola,Costa,1962-01-05
381,YMBHFH16U41I,Fabio,Ferrari,1979-09-18
382,DUXHFY71P49X,Chiara,Russo,1979-01-21
383,RMTAES94Z40E,Simone,Vacca,1966-02-05
384,DCLCFD50G90N,Mario,De Luca,1976-04-13
385,BCPRKR84J34J,Stefano,Leoni,1984-03-17
386,GJOHWJ17M51M,Daniela,Usai,1958-06-25
387,HCSTGE27B12M,Laura,Verdi,1974-04-11
388,QINNUG58V40F,Elena,Floris,1981-07-22
389,IXQSKD85N21A,Mario,Piras,1963-06-22
390,RZXEFA37S40F,Michele,Vacca,1988-11-28
391,BBAQPT41S24G,Daniela,Ferrara,1989-02-02
392,JCYDXK48I02I,Monica,Santoro,1961-03-06
393,ZKXTMX77F63A,Giuseppe,Rossi,1957-12-30
394,XSDCKZ38I51Y,Stefano,Gentile,1985-09-04
395,HGSIIW15R56E,Martina,Barbieri,2001-11-01
396,MZBDVT96R04U,Andrea,Barbieri,1981-08-21
397,GPEHPV31S33G,Valentina,Costa,1980-04-04
398,ONCVRR78Q47D,Andrea,Barbieri,2000-11-28
399,AMUJSR44D52Y,Sara,Santoro,1972-06-18
400,PXCNLM76T79C,Luigi,Pinna,1978-09-18
401,TWTGKF19S02O,Bruno,Vacca,1986-06-10
402,OJQNWD41T14M,Luca,Ferrari,1973-01-25
403,XUQNNE78F24H,Martina,Ferrari,1961-03-14
404,HJFKVJ00B80W,Maria,Lai,2002-12-14
405,NWZBUS08F68P,Roberto,Gentile,1993-10-02
406,YSZSZJ08B73R,Luigi,Puddu,1954-07-16
407,JONRHB42G37Z,Cristina,Rizzo,1951-05-05
408,EHILMK53L07Q,Giulia,Lai,1978-09-11
409,IWYROM19N54K,Carlo,Mancini,1994-06-05
410,UBWGNL53I92Q,Paola,Moretti,1998-02-22
411,LIKURT41A20P,Paolo,Esposito,1951-05-16
412,EITCCW35A00Y,Andrea,Greco,1961-05-18
413,RGNOCE40O47L,Giovanni,Romano,1983-02-06
414,SQEECQ17X78S,Andrea,Vacca,1990-03-29
415,HOGBOD20U07N,Davide,Verdi,1955-09-30
416,EELRXK01G73R,Cristina,Puddu,1987-10-30
417,VOBJJP55M98Z,Elisa,Meloni,1959-02-13
418,VSIVVJ06B98W,Martina,Ferrari,1994-08-21
419,VSRUGT49G48L,Giovanni,Meloni,1975-05-21
420,VMLLMM57W63T,Antonio,Pinna,1962-05-31
421,OONXVG32J63P,Monica,Bruno,2001-06-14
422,OVTMVA47N92L,Chiara,Lombardi,1989-09-05
423,LIIBIM06R16I,Luigi,Rizzo,1977-12-20
424,LCVILI70N16Y,Elisa,Rizzo,2001-04-14
425,IEBFBX83G83S,Roberto,Verdi,1964-10-10
426,ALERDL19B78V,Silvia,Esposito,2000-05-14
427,XUDDYD08D94A,Bruno,Carta,2002-11-24
428,XCZFPN64L76E,Monica,Mancini,1989-08-07
429,VFGWHU19C80J,Federica,Serra,2005-07-12
430,EIXMOX46O78X,Daniela,Barbieri,2002-02-04
431,DCDYDQ26H96C,Federica,Ricci,1987-12-03
432,SQLKON09N50Y,Roberta,Russo,1993-02-13
433,RUGPKC60R81C,Luca,Ricci,1952-11-06
434,IAXOUC54D89H,Sara,Mancini,1989-09-29
435,BXWWEW27I67L,Luca,Lombardi,1971-08-27
436,ZRLJJP75Q86O,Simona,Meloni,1968-10-25
437,OAHKNM19T19H,Alessandro,Rizzo,1999-07-08
438,IOFPBI36K95I,Elena,Santoro,2004-03-02
439,XTGCXI82U12V,Michele,Gallo,1987-02-19
440,NNGWJB06G62H,Luigi,Vacca,2002-05-13
441,IMQZGM59G20Z,Simona,Fontana,1953-04-05
442,RBJAGU34O26K,Simona,Ferrara,1961-12-18
443,AAMGMR80Q01Q,Bruno,Bruno,1997-01-27
444,BDKLGN16W95M,Simona,Conti,2005-05-19
445,JMOUZZ22A05Y,Michele,Lombardi,1964-03-18
446,EYJDXT09P55T,Giulia,Meloni,2004-01-05
447,ZBCJQZ11X77I,Alessandro,Greco,1968-12-31
448,RGCIQX61I37L,Alessia,Puddu,2001-10-11
449,DJKXQR18Z06J,Giovanni,Greco,1962-11-25
450,MLWZDY76C82Y,Alberto,Greco,2002-10-26
451,JQPIEC29V51Z,Stefano,Santoro,1954-11-26
452,FPITJU37W87P,Paola,Rossi,1979-08-15
453,KUGYHG15C75Y,Daniela,Romano,1952-05-25
454,MDUZDT72C02M,Giuseppe,Ferrara,2000-05-10
455,BHWTJO99A64Z,Paola,Fontana,1993-01-22
456,PQAUFR22C53S,Daniela,Puddu,1952-10-24
457,QXRHPJ81K95Q,Martina,Verdi,1967-05-27
458,OFUCEJ51V65N,Mario,Serra,1956-12-12
459,AKHCZP17Y31E,Federica,Rossi,1975-04-26
460,WIXRVA82K88J,Silvia,Gallo,1984-12-12
461,MHZOVW36R19G,Carlo,Pinna,1990-04-06
462,TAJQQW47Y08M,Bruno,Meloni,1989-07-29
463,QAJHZW42C35S,Silvia,Messina,1953-07-16
464,FYCDSE04L23Y,Alessia,Marino,1969-02-21
465,MDOBIB10J92H,Alessandro,Vacca,1983-05-11
466,DMMCDO64K74Z,Mario,Leoni,1979-11-21
467,JRTUXJ96B29C,Sara,Sanna,1968-01-12
468,BXUZAM39H98O,Mario,De Luca,1984-12-08
469,KAKNGW82O89C,Giovanni,Conti,1979-04-08
470,LMAOPS81D70K,Mario,Ferrari,1976-07-23
471,XSPKLQ06F26U,Mario,Conti,1969-08-28
472,FIVVCA91S14D,Enrico,Gallo,1962-03-12
473,GUIFXC77H53S,Giuseppe,Moretti,2000-05-15
474,DMIFSF20I12G,Andrea,Russo,1997-01-20
475,IBYYBT63F33D,Alessandro,Serra,1983-03-27
476,OYJQTH42D04E,Federica,Gentile,1951-06-19
477,WTBVNV16M00X,Elisa,De Luca,1971-06-07
478,UWFGNB04B95Z,Elena,Ferrara,1983-10-01
479,YFCRTN56A29P,Elena,Verdi,1993-01-27
480,VMLMOY91T58M,Mario,Lombardi,1996-10-06
481,VSCGLF22E58E,Daniela,Colombo,2004-10-23
482,VOSHZS58A14Y,Francesca,Santoro,1999-04-13
483,KDDOPO21W20B,Andrea,Colombo,2001-04-08
484,EQBSXE87G55W,Stefano,Vacca,1979-11-22
485,YAWVXC24A84O,Cristina,Messina,1959-01-28
486,JUXWHH33A94O,Marco,Costa,1984-05-08
487,RHVIVM53A96S,Luigi,Esposito,1995-04-06
488,QVEUWJ46S50H,Cristina,Russo,2001-04-19
489,VQYUKR08T23C,Roberto,Ricci,1990-08-09
490,VWCBVW89K47A,Federica,Barbieri,1979-06-19
491,DPDXJR01O23U,Martina,Colombo,1951-09-14
492,FIRTUW11U16K,Mario,Verdi,1982-05-10
493,IOSILZ82F63S,Simona,Ferrari,1950-06-25
494,LFRUFA54X23E,Anna,Ferrari,1990-07-25
495,ZWNRLH94P46H,Giovanni,Bruno,1985-02-07
496,NMFSPQ41X04S,Valentina,Esposito,1989-08-14
497,JMFBXJ70Q57Y,Antonio,Floris,1959-04-21
498,HFLAKF17L92K,Stefano,Ferrara,1995-05-30
499,QLUQEK28V46S,Simone,Lai,1959-08-11
500,GVRXKV63N43Q,Alberto,Sanna,1953-04-04
501,URMHTW78B64Q,Laura,Vacca,1976-10-24
502,FKODLM50V58E,Carlo,Fontana,2000-01-29
503,CXAZDJ27B71W,Paola,Gallo,1992-10-08
504,YAIRFD74Z57F,Giulia,Rizzo,1960-04-17
505,VLYDTK18A99N,Laura,Gallo,1955-12-18
506,DLTVSY41D93T,Davide,Lombardi,1960-11-08
507,ELSUSE85O56H,Daniela,Lombardi,1989-08-16
508,YWBBAA89L72T,Luigi,Bruno,1963-03-22
509,HLUZAT54V92F,Sara,Ferrara,1982-08-31
510,EDYFUO28T02K,Alessandro,Fontana,1958-12-24
511,FVRAOH35M85M,Maria,Lombardi,1981-11-26
512,GSNBSF24F80Z,Chiara,Ferrara,2004-02-05
513,AJLGZL80U85Q,Luigi,Rizzo,1956-12-22
514,KNAZKV17Y02L,Carlo,Ricci,1961-08-07
515,VZCBEG55T67K,Monica,Rizzo,1960-04-24
516,QQUNXN94B83F,Giovanni,Bianchi,1957-10-06
517,VIBTHZ50J42B,Monica,Bruno,1975-02-16
518,CEEMYG06X31D,Sara,Meloni,1970-03-03
519,HMDIQK49K09L,Luca,Gallo,1966-06-26
520,UPUONV03N14G,Enrico,Bianchi,1990-12-14
521,SDIDML57F57G,Michele,Gallo,1966-07-23
522,BMFYJO72E11E,Silvia,Moretti,1956-09-20
523,ZQTEXI21M21S,Luca,Fontana,1962-02-26
524,XTRGWW98Y21C,Martina,Rossi,1954-01-30
525,FESNHY94U55V,Maria,Serra,1955-09-02
526,QWKSGJ66L27C,Anna,Usai,1966-06-15
527,LBVNPU59K10H,Fabio,Puddu,1993-09-01
528,AIEXKM79F42H,Paolo,Carta,1998-02-17
529,QVPWBN46Y38M,Silvia,Ricci,1968-01-14
530,TCZMBF79J73O,Silvia,Bruno,1953-09-09
531,ALFGKC53Q85J,Davide,De Luca,1965-08-16
532,NHECTW24Z26Y,Elisa,Usai,1978-10-23
533,CKXUBB73H94N,Mario,Gallo,1995-01-26
534,UNBCKC39Q81T,Alessia,Barbieri,1963-12-23
535,YPGRJK20H19S,Alessandro,Sanna,1953-11-06
536,NJBPDC91M80R,Simona,Santoro,1976-02-04
537,SVFWZM37M79S,Chiara,Ferrara,1959-10-19
538,QJHRWN90F29D,Sara,Meloni,1957-12-29
539,XUEOHZ24D61X,Luca,Costa,1979-06-10
540,GNAANN57L31L,Silvia,Lai,2001-04-03
541,LREXST24Q90R,Elisa,Carta,2000-05-23
542,EVRYUU40F59L,Daniela,Rizzo,1966-12-19
543,YGYQXQ96N73G,Laura,Santoro,1979-07-06
544,FBUFQS03M84I,Enrico,Bruno,1999-05-18
545,AYAURQ38C85T,Cristina,Conti,1988-07-03
546,ZOWJLX89V79R,Alessia,Floris,1951-05-31
547,NRVEXY25L50R,Elisa,Ferrari,1953-01-14
548,YFIKNL19R52B,Marco,Greco,2004-06-26
549,AIRZYI77F21R,Anna,Ricci,1959-10-31
550,LCNMSQ63N25C,Carlo,Gallo,2005-03-25
551,CRZNOF77K82Y,Giuseppe,Meloni,1975-01-19
552,CVETQE71W77F,Paolo,Sanna,1969-07-31
553,ULUHGO99S25P,Giuseppe,Gentile,1953-02-04
554,THTSMS99T28D,Elisa,Carta,1986-03-25
555,UWZSMH94I70Q,Alessia,Marino,1978-08-26
556,RLANLT61R39R,Monica,Lombardi,1959-03-28
557,WCJUVV85O81B,Roberto,Usai,1952-12-10
558,AKXYCE94O45M,Simona,Vacca,1955-03-16
559,NMVZUX05X81O,Michele,Carta,1978-06-17
560,VSFMNG88S67U,Davide,Moretti,1986-10-25
561,QMWMQU06E28E,Enrico,Conti,1996-02-14
562,HLJWTP78D97W,Silvia,Lai,1984-12-06
563,DNGUJQ71S48W,Luca,Leoni,1984-01-15
564,OQSHWV63Z81F,Cristina,Puddu,1965-01-17
565,IRKQPE12E31K,Roberto,Marino,1959-03-12
566,JYJQXR42D24Z,Cristina,Puddu,1977-09-28
567,YCMBHD22N08J,Alessandro,Piras,1959-12-06
568,VNNTGN53N88B,Mario,Colombo,1963-04-07
569,XNRKST86J30T,Giovanni,Ferrara,1997-12-28
570,BZHJLD29P01J,Laura,Rizzo,2005-01-21
571,DMBSBL54J12D,Elisa,Floris,1988-05-22
572,PJFOYQ68Q01P,Chiara,Esposito,1969-01-20
573,PXXTOQ85Z12I,Alessia,Barbieri,2005-12-07
574,VDKGCI23A03M,Francesca,Moretti,1963-06-15
575,CDFOCI82F54F,Marco,Piras,1951-06-15
576,BQYFCX68A13Z,Stefano,Piras,1974-03-12
577,ETKWSP33V73D,Carlo,Rizzo,1968-04-08
578,ODRRCC12A02A,Federica,Greco,1964-05-09
579,JNHUJO05O14N,Giulia,Barbieri,1975-05-14
580,HLAOBD43Q09X,Stefano,Meloni,1951-06-09
581,SQIUEC57L08T,Luigi,Sanna,1992-06-17
582,FNSUGF89N71U,Simone,Carta,1961-04-06
583,PUKWKX43Z41A,Alessandro,Ferrara,1977-12-02
584,BSMHPN01H38U,Silvia,Pinna,1993-11-24
585,DTGHIC76Y61D,Giulia,Sanna,1973-05-07
586,VEEYVJ94Y95A,Chiara,Conti,1987-04-30
587,CDSYIO53E69Q,Luigi,Moretti,1995-01-12
588,CCBAWI59C99R,Paolo,Esposito,1968-12-12
589,YGMDKX74P63F,Andrea,Floris,1971-04-11
590,OHVDFZ60O41V,Fabio,Rossi,1979-03-25
591,OKKHCS41I26M,Giuseppe,Santoro,1997-03-25
592,EUVKZJ57Y08N,Fabio,Verdi,1984-12-13
593,TTIIHZ89E26B,Bruno,Puddu,1954-06-10
594,DCBQUL05T84I,Federica,Bruno,1976-06-21
595,YIEWGF18W87C,Daniela,Esposito,1983-12-28
596,MVDAVQ46J25W,Simone,Esposito,1985-02-08
597,RKXQEI23S02P,Francesca,Floris,1975-11-15
598,MWKCPI09I96F,Anna,Fontana,1984-10-23
599,OUJQUZ53R67V,Federica,Bruno,1997-10-06
600,DKGZGA65G47L,Luca,Leoni,2002-09-19
601,DHGTLO23X95D,Laura,Serra,1975-02-11
602,NQYPDX76N82Y,Giovanni,Ferrari,1999-03-05
603,ODVUWR93R87S,Michele,Bruno,1954-10-11
604,PVODIL49W38G,Davide,Puddu,1991-12-01
605,LJLTIK53Y62L,Roberta,Lombardi,1960-01-18
606,MXHDFR95K75Q,Stefano,Conti,1982-07-01
607,REHUBZ69K66G,Elisa,Gentile,1958-01-06
608,ANLXMX76R69Q,Elena,Romano,1993-05-24
609,MQPMGZ35V68D,Elena,Rizzo,1980-10-13
610,JGNQWE00I18V,Paolo,Pinna,1978-12-23
611,OVPPCH37S30Y,Valentina,Gallo,1953-03-20
612,UHDHUN75L96Y,Alessandro,Romano,1970-03-23
613,ZCPTBN65A34Y,Antonio,Conti,1955-05-08
614,ETAVVG98U84M,Paola,Gentile,2003-10-14
615,EBCZDJ03H07P,Michele,Bianchi,2005-08-11
616,HRRTRL22M65L,Bruno,Ricci,1976-06-09
617,ODZGGS75J89P,Antonio,Greco,1978-11-07
618,ARZWSP38B00G,Luigi,Ferrara,1958-06-30
619,ULMHCA45U49W,Elena,Sanna,1987-01-30
620,NGISWT86H32J,Paolo,Lombardi,1967-09-03
621,INMYLW41Y91C,Federica,Lai,2000-05-23
622,WZVEPT90J45Q,Alessia,Leoni,1984-09-03
623,UKJYHJ29V07A,Carlo,Costa,1979-12-19
624,ANBBFF87L69O,Maria,Rizzo,2000-12-21
625,MYOUPO17U22F,Antonio,Lombardi,1966-01-06
